{"objects": [{"name": "armchair", "color_annotation": "red_point", "2dmask_bbox": [0, 603, 769, 967], "center_3d": [-0.3562878966331482, 0.4727684557437897, 1.9242244958877563], "bbox_3d": [-1.4410165548324585, 0.2272937297821045, 1.0082520246505737, 0.21445897221565247, 0.7581688761711121, 2.99967360496521], "ave_depth": 1.9242223501205444}, {"name": "picture", "color_annotation": "blue_point", "2dmask_bbox": [900, 0, 1013, 140], "center_3d": [0.8202685713768005, -1.1555289030075073, 3.1793882846832275], "bbox_3d": [0.7374656200408936, -1.3774056434631348, 2.9204330444335938, 0.9180505275726318, -0.9152113199234009, 3.4664576053619385], "ave_depth": 3.1793887615203857}]}